Workbook

Sheet Whole Lifecycle (hood)
A1: Acidification [mol H⁺ eq / m²] | B1: Climate Change: Total [kg CO₂ eq / m²] | C1: Climate Change: Biogenic [kg CO₂ eq / m²] | D1: Climate Change: Fossil [kg CO₂ eq / m²] | E1: Climate Change: Land Use And Land Use Change [kg CO₂ eq / m²] | F1: Eutrophication: Freshwater [kg P eq / m²] | G1: Eutrophication: Marine [kg N eq / m²] | H1: Energy Resources: Non-Renewable [MJₗₕᵥ / m²] | I1: Eutrophication: Terrestrial [mol N eq / m²] | J1: Ozone Depletion [kg CFC-11 eq / m²] | K1: Total Use Of Non-Renewable Primary Energy Resources [MJₚₑ / m²] | L1: Particulate Matter Formation [disease incidence / m²] | M1: Photochemical Oxidant Formation: Human Health [kg NMVOC eq / m²] | N1: Material Resources: Metals/Minerals [kg Sb eq / m²] | O1: Water Use [m³ / m²]
A2: 11993006 | B2: 600014.24 | C2: -30231.56 | D2: 628742.92 | E2: 1502.8724 | F2: 359.86252 | G2: 6302642.1 | H2: 8309940.7 | I2: 69021243 | J2: 0.087985999 | K2: 8324418.2 | L2: 25.971307 | M2: 16203295 | N2: 52.214216 | O2: 15667781

Sheet Foglio1
D4: ='Whole Lifecycle (hood)'!A1 -> Acidification [mol H⁺ eq / m²] | E4: ='Whole Lifecycle (hood)'!B1 -> Climate Change: Total [kg CO₂ eq / m²] | F4: ='Whole Lifecycle (hood)'!C1 -> Climate Change: Biogenic [kg CO₂ eq / m²] | G4: ='Whole Lifecycle (hood)'!D1 -> Climate Change: Fossil [kg CO₂ eq / m²] | H4: ='Whole Lifecycle (hood)'!E1 -> Climate Change: Land Use And Land Use Change [kg CO₂ eq / m²] | I4: ='Whole Lifecycle (hood)'!F1 -> Eutrophication: Freshwater [kg P eq / m²] | J4: ='Whole Lifecycle (hood)'!G1 -> Eutrophication: Marine [kg N eq / m²] | K4: ='Whole Lifecycle (hood)'!H1 -> Energy Resources: Non-Renewable [MJₗₕᵥ / m²] | ... XFD4: ='Whole Lifecycle (hood)'!XFA1 -> 0
C5: scenerios
C6: s1
C7: s2
C8: s3

Sheet Whole Lifecycle (no D, hood)
A1: Acidification [mol H⁺ eq / m²] | B1: Climate Change: Total [kg CO₂ eq / m²] | C1: Climate Change: Biogenic [kg CO₂ eq / m²] | D1: Climate Change: Fossil [kg CO₂ eq / m²] | E1: Climate Change: Land Use And Land Use Change [kg CO₂ eq / m²] | F1: Eutrophication: Freshwater [kg P eq / m²] | G1: Eutrophication: Marine [kg N eq / m²] | H1: Energy Resources: Non-Renewable [MJₗₕᵥ / m²] | I1: Eutrophication: Terrestrial [mol N eq / m²] | J1: Ozone Depletion [kg CFC-11 eq / m²] | K1: Total Use Of Non-Renewable Primary Energy Resources [MJₚₑ / m²] | L1: Particulate Matter Formation [disease incidence / m²] | M1: Photochemical Oxidant Formation: Human Health [kg NMVOC eq / m²] | N1: Material Resources: Metals/Minerals [kg Sb eq / m²] | O1: Water Use [m³ / m²]
A2: 11993005 | B2: 599929.69 | C2: -30230.401 | D2: 628658.02 | E2: 1502.0639 | F2: 359.85473 | G2: 6302641.9 | H2: 8304416.8 | I2: 69021241 | J2: 0.087976197 | K2: 8318893.9 | L2: 25.971301 | M2: 16203294 | N2: 52.21032 | O2: 15667639
